{"stats":{"minecraft:custom":{"minecraft:time_since_rest":240117,"minecraft:walk_one_cm":132599,"minecraft:leave_game":5,"minecraft:walk_under_water_one_cm":804,"minecraft:mob_kills":1,"minecraft:play_time":240117,"minecraft:damage_dealt":90,"minecraft:jump":348,"minecraft:time_since_death":240117,"minecraft:sprint_one_cm":48877,"minecraft:open_chest":7,"minecraft:total_world_time":947109,"minecraft:fly_one_cm":1812977,"minecraft:walk_on_water_one_cm":2833,"minecraft:crouch_one_cm":1468,"minecraft:pot_flower":6,"minecraft:sneak_time":9128},"minecraft:killed":{"minecraft:pig":1},"minecraft:used":{"minecraft:grass_block":246,"minecraft:leaf_litter":146,"minecraft:spruce_fence":66,"minecraft:wildflowers":74,"minecraft:pink_tulip":3,"minecraft:cactus":14,"minecraft:spruce_stairs":56,"minecraft:wheat_seeds":8,"minecraft:peony":22,"minecraft:open_eyeblossom":1,"minecraft:structure_block":11,"minecraft:closed_eyeblossom":6,"minecraft:stone_brick_slab":5,"minecraft:cactus_flower":2,"minecraft:oak_sign":15,"minecraft:rooted_dirt":258,"minecraft:stone_bricks":25,"minecraft:lantern":3,"minecraft:green_stained_glass":309,"minecraft:quartz_block":4,"minecraft:mossy_stone_bricks":13,"minecraft:coarse_dirt":256,"minecraft:allium":15,"minecraft:decorated_pot":2,"minecraft:sweet_berries":10,"minecraft:gray_stained_glass":12,"minecraft:firefly_bush":5,"minecraft:cracked_stone_bricks":9,"minecraft:spruce_door":2,"minecraft:mace":1,"minecraft:dead_bush":4,"minecraft:spruce_slab":12,"minecraft:flowering_azalea":1,"minecraft:chain":18,"minecraft:stripped_oak_log":10,"minecraft:spruce_sign":21,"minecraft:poppy":7,"minecraft:spruce_trapdoor":85,"minecraft:acacia_leaves":7,"minecraft:white_tulip":2,"minecraft:armor_stand":1,"minecraft:mossy_stone_brick_stairs":3,"minecraft:lilac":24,"minecraft:chiseled_quartz_block":4,"minecraft:mossy_stone_brick_slab":17,"minecraft:andesite_wall":3,"minecraft:spore_blossom":1,"minecraft:structure_void":153,"minecraft:water_bucket":31,"minecraft:bone_meal":116,"minecraft:barrel":3,"minecraft:dirt":192,"minecraft:sunflower":22,"minecraft:stripped_spruce_log":17,"minecraft:spruce_planks":208,"minecraft:tripwire_hook":2,"minecraft:tall_dry_grass":6,"minecraft:oak_leaves":20,"minecraft:composter":1,"minecraft:rose_bush":25,"minecraft:jungle_leaves":33,"minecraft:lily_of_the_valley":5,"minecraft:green_banner":12,"minecraft:pale_oak_fence":4,"minecraft:stone_brick_stairs":5,"minecraft:chest":7,"minecraft:cornflower":10,"minecraft:oak_planks":13,"minecraft:azure_bluet":19,"minecraft:flower_pot":24,"minecraft:quartz_stairs":21},"minecraft:picked_up":{"minecraft:porkchop":2,"minecraft:sweet_berries":10,"minecraft:spore_blossom":1,"minecraft:orange_tulip":12,"minecraft:cactus_flower":1,"minecraft:leaf_litter":1,"minecraft:open_eyeblossom":1,"minecraft:dandelion":2,"minecraft:azure_bluet":1,"minecraft:green_banner":3,"minecraft:cactus":5,"minecraft:torchflower":10}},"DataVersion":4325}