{"stats":{"minecraft:killed":{"minecraft:pig":1},"minecraft:picked_up":{"minecraft:porkchop":2,"minecraft:spore_blossom":1,"minecraft:cactus_flower":1,"minecraft:sweet_berries":10,"minecraft:leaf_litter":1,"minecraft:open_eyeblossom":1,"minecraft:dandelion":2,"minecraft:azure_bluet":1,"minecraft:green_banner":3,"minecraft:cactus":5},"minecraft:used":{"minecraft:grass_block":238,"minecraft:spruce_fence":66,"minecraft:leaf_litter":146,"minecraft:wildflowers":74,"minecraft:pink_tulip":3,"minecraft:cactus":14,"minecraft:spruce_stairs":56,"minecraft:wheat_seeds":8,"minecraft:peony":9,"minecraft:open_eyeblossom":1,"minecraft:structure_block":11,"minecraft:closed_eyeblossom":6,"minecraft:stone_brick_slab":5,"minecraft:cactus_flower":2,"minecraft:oak_sign":15,"minecraft:rooted_dirt":246,"minecraft:stone_bricks":25,"minecraft:lantern":3,"minecraft:green_stained_glass":309,"minecraft:mossy_stone_bricks":13,"minecraft:coarse_dirt":214,"minecraft:allium":15,"minecraft:decorated_pot":2,"minecraft:sweet_berries":10,"minecraft:gray_stained_glass":12,"minecraft:firefly_bush":5,"minecraft:cracked_stone_bricks":9,"minecraft:spruce_door":2,"minecraft:dead_bush":4,"minecraft:mace":1,"minecraft:spruce_slab":12,"minecraft:flowering_azalea":1,"minecraft:chain":18,"minecraft:stripped_oak_log":10,"minecraft:spruce_sign":21,"minecraft:poppy":7,"minecraft:spruce_trapdoor":85,"minecraft:acacia_leaves":7,"minecraft:white_tulip":2,"minecraft:armor_stand":1,"minecraft:mossy_stone_brick_stairs":3,"minecraft:lilac":5,"minecraft:mossy_stone_brick_slab":17,"minecraft:andesite_wall":3,"minecraft:structure_void":153,"minecraft:spore_blossom":1,"minecraft:water_bucket":22,"minecraft:bone_meal":103,"minecraft:barrel":3,"minecraft:sunflower":22,"minecraft:stripped_spruce_log":17,"minecraft:spruce_planks":208,"minecraft:tripwire_hook":2,"minecraft:oak_leaves":20,"minecraft:tall_dry_grass":6,"minecraft:composter":1,"minecraft:rose_bush":6,"minecraft:jungle_leaves":33,"minecraft:lily_of_the_valley":5,"minecraft:green_banner":12,"minecraft:pale_oak_fence":4,"minecraft:stone_brick_stairs":5,"minecraft:chest":7,"minecraft:cornflower":10,"minecraft:oak_planks":13,"minecraft:azure_bluet":19,"minecraft:flower_pot":24},"minecraft:custom":{"minecraft:time_since_rest":198150,"minecraft:walk_one_cm":124827,"minecraft:leave_game":4,"minecraft:walk_under_water_one_cm":804,"minecraft:mob_kills":1,"minecraft:play_time":198150,"minecraft:damage_dealt":90,"minecraft:jump":338,"minecraft:time_since_death":198150,"minecraft:sprint_one_cm":48437,"minecraft:open_chest":7,"minecraft:total_world_time":833440,"minecraft:fly_one_cm":1419195,"minecraft:walk_on_water_one_cm":2833,"minecraft:pot_flower":6,"minecraft:crouch_one_cm":1468,"minecraft:sneak_time":7567}},"DataVersion":4325}